Time,Code,Type,Price,Qty,PnL,ProfitRate(%)
2026-03-12 10:38:00,000660,BUY,953143.0,1,0.0,0.00
2026-03-12 10:39:00,000660,BUY,953143.0,1,0.0,0.00
2026-03-12 10:40:00,000660,BUY,955143.3,1,0.0,0.00
2026-03-12 11:48:00,000660,SELL,935359.7,3,-61242.9,-2.14
2026-03-26 11:43:00,000660,BUY,937140.6,1,0.0,0.00
2026-03-26 12:39:00,000660,SELL,950857.3,1,11720.0,1.25
2026-04-02 15:05:00,000660,BUY,822123.3,1,0.0,0.00
2026-04-02 15:09:00,000660,BUY,829124.4,1,0.0,0.00
2026-04-03 09:01:00,000660,SELL,862870.6,2,70869.4,4.28
2026-03-23 10:26:00,005490,BUY,330049.5,3,0.0,0.00
2026-03-24 09:01:00,005490,SELL,336699.5,3,17828.8,1.80
2026-04-02 13:08:00,005490,BUY,340051.0,2,0.0,0.00
2026-04-02 14:28:00,005490,SELL,340948.8,2,363.7,0.05
2026-04-02 13:12:00,005930,BUY,179376.9,5,0.0,0.00
2026-04-02 13:15:00,005930,BUY,179727.0,5,0.0,0.00
2026-04-02 14:48:00,005930,SELL,176073.6,10,-38481.0,-2.14
2026-03-12 12:08:00,028300,BUY,48307.2,20,0.0,0.00
2026-03-12 12:13:00,028300,BUY,48307.2,20,0.0,0.00
2026-03-12 14:14:00,028300,SELL,49042.6,40,25296.3,1.31
2026-03-26 14:24:00,028300,BUY,50107.5,20,0.0,0.00
2026-03-27 09:34:00,028300,SELL,50892.4,20,13559.5,1.35
2026-04-02 11:54:00,035420,BUY,198729.8,5,0.0,0.00
2026-04-02 14:47:00,035420,SELL,195070.7,5,-20343.6,-2.04
2026-04-02 13:09:00,036930,BUY,61309.2,16,0.0,0.00
2026-04-02 13:10:00,036930,BUY,61409.2,16,0.0,0.00
2026-04-02 14:48:00,036930,SELL,60291.0,32,-38235.5,-1.94
2026-04-03 14:58:00,036930,BUY,62309.3,16,0.0,0.00
2026-04-06 09:01:00,036930,SELL,63290.5,16,13572.0,1.36
2026-03-27 11:28:00,039030,BUY,396559.5,2,0.0,0.00
2026-03-27 11:40:00,039030,BUY,397559.6,2,0.0,0.00
2026-03-27 13:03:00,039030,SELL,404439.3,4,26121.8,1.64
2026-03-16 11:52:00,042700,BUY,291543.7,3,0.0,0.00
2026-03-16 12:44:00,042700,SELL,295955.6,3,11371.1,1.30
2026-03-24 10:21:00,042700,BUY,294544.2,3,0.0,0.00
2026-03-24 10:35:00,042700,BUY,295044.2,3,0.0,0.00
2026-03-24 10:55:00,042700,SELL,289456.6,6,-35673.0,-2.01
2026-03-20 14:04:00,064350,BUY,180327.0,5,0.0,0.00
2026-03-20 14:06:00,064350,BUY,180327.0,5,0.0,0.00
2026-03-23 09:03:00,064350,SELL,176473.5,10,-42241.1,-2.34
2026-03-19 10:31:00,068760,BUY,60409.1,16,0.0,0.00
2026-03-20 14:04:00,068760,SELL,60540.9,16,75.5,0.01
2026-04-09 10:12:00,068760,BUY,55708.4,17,0.0,0.00
2026-04-09 10:17:00,068760,BUY,55608.3,17,0.0,0.00
2026-04-10 09:01:00,068760,SELL,56491.5,34,24294.5,1.28
2026-03-12 12:51:00,086520,BUY,156523.5,6,0.0,0.00
2026-03-12 14:06:00,086520,SELL,158876.2,6,12114.3,1.29
2026-03-20 09:52:00,086520,BUY,150922.6,6,0.0,0.00
2026-03-20 09:54:00,086520,BUY,151022.7,6,0.0,0.00
2026-03-20 11:03:00,086520,SELL,151277.3,12,-156.2,-0.01
2026-03-23 11:57:00,086520,BUY,142321.3,7,0.0,0.00
2026-03-23 12:07:00,086520,BUY,142321.3,7,0.0,0.00
2026-03-23 14:58:00,086520,SELL,139579.1,14,-42495.6,-2.13
2026-03-23 15:16:00,086520,BUY,139821.0,7,0.0,0.00
2026-03-24 09:01:00,086520,SELL,147777.8,7,53525.7,5.46
2026-04-13 13:56:00,086520,BUY,144621.7,6,0.0,0.00
2026-03-23 13:50:00,112040,BUY,20853.1,47,0.0,0.00
2026-03-23 14:07:00,112040,BUY,20803.1,48,0.0,0.00
2026-03-24 09:19:00,112040,SELL,20896.9,95,2386.5,0.12
2026-04-07 14:40:00,112040,BUY,19342.9,51,0.0,0.00
2026-04-07 15:00:00,112040,BUY,19392.9,51,0.0,0.00
2026-04-08 09:01:00,112040,SELL,20596.9,102,120946.7,6.11
2026-03-31 09:46:00,196170,BUY,349052.4,2,0.0,0.00
2026-03-31 09:48:00,196170,BUY,349052.4,2,0.0,0.00
2026-03-31 10:03:00,196170,BUY,345051.8,2,0.0,0.00
2026-03-31 11:07:00,196170,SELL,353447.0,6,29915.5,1.43
2026-03-12 12:19:00,214150,BUY,53208.0,19,0.0,0.00
2026-03-12 14:46:00,214150,SELL,53891.9,19,10844.5,1.07
2026-04-09 15:17:00,247540,BUY,201530.2,5,0.0,0.00
2026-04-09 15:32:00,247540,BUY,206030.9,4,0.0,0.00
2026-04-10 09:21:00,247540,SELL,203969.4,9,94.9,0.01
2026-03-12 12:18:00,248070,BUY,17152.6,59,0.0,0.00
2026-03-12 15:18:00,248070,SELL,17417.4,59,13466.0,1.33
2026-03-23 11:50:00,248070,BUY,17142.6,59,0.0,0.00
2026-03-23 12:01:00,248070,BUY,17162.6,59,0.0,0.00
2026-03-23 12:13:00,248070,BUY,17152.6,59,0.0,0.00
2026-03-23 14:51:00,248070,SELL,16827.5,177,-63796.9,-2.10
2026-04-03 14:50:00,253450,BUY,34255.1,29,0.0,0.00
2026-04-03 14:55:00,253450,BUY,34205.1,29,0.0,0.00
2026-04-06 09:28:00,253450,SELL,34244.9,58,-3316.8,-0.17
2026-04-06 12:05:00,253450,BUY,34005.1,29,0.0,0.00
2026-04-06 12:07:00,253450,BUY,33905.1,29,0.0,0.00
2026-04-07 11:08:00,253450,SELL,33295.0,58,-42340.4,-2.15
2026-04-07 11:20:00,253450,BUY,33255.0,30,0.0,0.00
2026-04-07 11:29:00,253450,BUY,33205.0,30,0.0,0.00
2026-04-08 09:01:00,253450,SELL,34894.8,60,95490.1,4.78
2026-03-12 11:31:00,263750,BUY,59709.0,17,0.0,0.00
2026-03-12 14:45:00,263750,SELL,60690.9,17,14526.3,1.43
2026-04-06 11:10:00,272210,BUY,129619.4,7,0.0,0.00
2026-04-06 11:11:00,272210,BUY,129719.5,7,0.0,0.00
2026-04-06 11:12:00,272210,BUY,129919.5,7,0.0,0.00
2026-04-06 11:13:00,272210,BUY,130019.5,7,0.0,0.00
2026-04-06 14:49:00,272210,SELL,127280.9,28,-78563.9,-2.16
2026-03-18 10:29:00,293490,BUY,13502.0,74,0.0,0.00
2026-03-19 09:06:00,293490,SELL,13248.0,74,-20855.7,-2.08
2026-03-26 12:05:00,293490,BUY,13382.0,75,0.0,0.00
2026-03-26 12:06:00,293490,BUY,13412.0,75,0.0,0.00
2026-03-26 15:09:00,293490,SELL,13428.0,150,416.6,0.02
2026-04-02 15:09:00,328130,BUY,32804.9,30,0.0,0.00
2026-04-02 15:11:00,328130,BUY,32804.9,30,0.0,0.00
2026-04-02 15:17:00,328130,BUY,32804.9,30,0.0,0.00
2026-04-02 15:35:00,328130,BUY,33155.0,30,0.0,0.00
2026-04-03 09:01:00,328130,SELL,33545.0,120,69850.8,1.77
2026-04-07 12:18:00,328130,BUY,32254.8,31,0.0,0.00
2026-04-07 12:19:00,328130,BUY,32254.8,31,0.0,0.00
2026-04-08 09:01:00,328130,SELL,34294.9,62,122015.9,6.09
2026-03-12 12:04:00,403870,BUY,42756.4,24,0.0,0.00
2026-03-12 12:08:00,403870,BUY,42706.4,24,0.0,0.00
2026-03-12 14:04:00,403870,SELL,43393.5,48,27405.8,1.33
